<?xml version="1.0" encoding="UTF-8"?>
<project-private xmlns="http://www.netbeans.org/ns/project-private/1">
    <editor-bookmarks xmlns="http://www.netbeans.org/ns/editor-bookmarks/2" lastBookmarkId="0"/>
    <open-files xmlns="http://www.netbeans.org/ns/projectui-open-files/2">
        <group>
            <file>file:/C:/EasyPHP-Devserver-17/eds-www/pointeuse/editUser.php</file>
            <file>file:/C:/EasyPHP-Devserver-17/eds-www/pointeuse/addUser.php</file>
            <file>file:/C:/EasyPHP-Devserver-17/eds-www/pointeuse/delete.php</file>
            <file>file:/C:/EasyPHP-Devserver-17/eds-www/pointeuse/script/users.php</file>
        </group>
    </open-files>
</project-private>
